column1type=string,column2type=string,column3type=int,column4type=date
column1-0,column2-0,0,2023-01-28T16:10:17.853Z
column1-1,column2-1,1,2023-01-28T16:10:17.853Z
column1-2,column2-2,2,2023-01-28T16:10:17.853Z
column1-3,column2-3,3,2023-01-28T16:10:17.853Z
column1-4,column2-4,4,2023-01-28T16:10:17.853Z
column1-5,column2-5,5,2023-01-28T16:10:17.853Z
column1-6,column2-6,6,2023-01-28T16:10:17.853Z
column1-7,column2-7,7,2023-01-28T16:10:17.853Z
column1-8,column2-8,8,2023-01-28T16:10:17.853Z
column1-9,column2-9,9,2023-01-28T16:10:17.853Z
column1-10,column2-10,10,2023-01-28T16:10:17.853Z
column1-11,column2-11,11,2023-01-28T16:10:17.853Z
column1-12,column2-12,12,2023-01-28T16:10:17.853Z
column1-13,column2-13,13,2023-01-28T16:10:17.853Z
column1-14,column2-14,14,2023-01-28T16:10:17.853Z
column1-15,column2-15,15,2023-01-28T16:10:17.853Z
column1-16,column2-16,16,2023-01-28T16:10:17.853Z
column1-17,column2-17,17,2023-01-28T16:10:17.853Z
column1-18,column2-18,18,2023-01-28T16:10:17.853Z
column1-19,column2-19,19,2023-01-28T16:10:17.853Z
column1-20,column2-20,20,2023-01-28T16:10:17.853Z
column1-21,column2-21,21,2023-01-28T16:10:17.853Z
column1-22,column2-22,22,2023-01-28T16:10:17.853Z
column1-23,column2-23,23,2023-01-28T16:10:17.853Z
column1-24,column2-24,24,2023-01-28T16:10:17.853Z
column1-25,column2-25,25,2023-01-28T16:10:17.853Z
column1-26,column2-26,26,2023-01-28T16:10:17.853Z
column1-27,column2-27,27,2023-01-28T16:10:17.853Z
column1-28,column2-28,28,2023-01-28T16:10:17.853Z
column1-29,column2-29,29,2023-01-28T16:10:17.853Z
column1-30,column2-30,30,2023-01-28T16:10:17.853Z
column1-31,column2-31,31,2023-01-28T16:10:17.853Z
column1-32,column2-32,32,2023-01-28T16:10:17.853Z
column1-33,column2-33,33,2023-01-28T16:10:17.853Z
column1-34,column2-34,34,2023-01-28T16:10:17.853Z
column1-35,column2-35,35,2023-01-28T16:10:17.853Z
column1-36,column2-36,36,2023-01-28T16:10:17.853Z
column1-37,column2-37,37,2023-01-28T16:10:17.853Z
column1-38,column2-38,38,2023-01-28T16:10:17.853Z
column1-39,column2-39,39,2023-01-28T16:10:17.853Z
column1-40,column2-40,40,2023-01-28T16:10:17.853Z
column1-41,column2-41,41,2023-01-28T16:10:17.853Z
column1-42,column2-42,42,2023-01-28T16:10:17.853Z
column1-43,column2-43,43,2023-01-28T16:10:17.853Z
column1-44,column2-44,44,2023-01-28T16:10:17.853Z
column1-45,column2-45,45,2023-01-28T16:10:17.853Z
column1-46,column2-46,46,2023-01-28T16:10:17.853Z
column1-47,column2-47,47,2023-01-28T16:10:17.853Z
column1-48,column2-48,48,2023-01-28T16:10:17.853Z
column1-49,column2-49,49,2023-01-28T16:10:17.853Z
column1-50,column2-50,50,2023-01-28T16:10:17.853Z
column1-51,column2-51,51,2023-01-28T16:10:17.853Z
column1-52,column2-52,52,2023-01-28T16:10:17.853Z
column1-53,column2-53,53,2023-01-28T16:10:17.853Z
column1-54,column2-54,54,2023-01-28T16:10:17.853Z
column1-55,column2-55,55,2023-01-28T16:10:17.853Z
column1-56,column2-56,56,2023-01-28T16:10:17.853Z
column1-57,column2-57,57,2023-01-28T16:10:17.853Z
column1-58,column2-58,58,2023-01-28T16:10:17.853Z
column1-59,column2-59,59,2023-01-28T16:10:17.853Z
column1-60,column2-60,60,2023-01-28T16:10:17.853Z
column1-61,column2-61,61,2023-01-28T16:10:17.853Z
column1-62,column2-62,62,2023-01-28T16:10:17.853Z
column1-63,column2-63,63,2023-01-28T16:10:17.853Z
column1-64,column2-64,64,2023-01-28T16:10:17.853Z
column1-65,column2-65,65,2023-01-28T16:10:17.853Z
column1-66,column2-66,66,2023-01-28T16:10:17.853Z
column1-67,column2-67,67,2023-01-28T16:10:17.853Z
column1-68,column2-68,68,2023-01-28T16:10:17.853Z
column1-69,column2-69,69,2023-01-28T16:10:17.853Z
column1-70,column2-70,70,2023-01-28T16:10:17.853Z
column1-71,column2-71,71,2023-01-28T16:10:17.853Z
column1-72,column2-72,72,2023-01-28T16:10:17.853Z
column1-73,column2-73,73,2023-01-28T16:10:17.853Z
column1-74,column2-74,74,2023-01-28T16:10:17.853Z
column1-75,column2-75,75,2023-01-28T16:10:17.853Z
column1-76,column2-76,76,2023-01-28T16:10:17.853Z
column1-77,column2-77,77,2023-01-28T16:10:17.853Z
column1-78,column2-78,78,2023-01-28T16:10:17.853Z
column1-79,column2-79,79,2023-01-28T16:10:17.853Z
column1-80,column2-80,80,2023-01-28T16:10:17.853Z
column1-81,column2-81,81,2023-01-28T16:10:17.853Z
column1-82,column2-82,82,2023-01-28T16:10:17.853Z
column1-83,column2-83,83,2023-01-28T16:10:17.853Z
column1-84,column2-84,84,2023-01-28T16:10:17.853Z
column1-85,column2-85,85,2023-01-28T16:10:17.853Z
column1-86,column2-86,86,2023-01-28T16:10:17.853Z
column1-87,column2-87,87,2023-01-28T16:10:17.853Z
column1-88,column2-88,88,2023-01-28T16:10:17.853Z
column1-89,column2-89,89,2023-01-28T16:10:17.853Z
column1-90,column2-90,90,2023-01-28T16:10:17.853Z
column1-91,column2-91,91,2023-01-28T16:10:17.853Z
column1-92,column2-92,92,2023-01-28T16:10:17.853Z
column1-93,column2-93,93,2023-01-28T16:10:17.853Z
column1-94,column2-94,94,2023-01-28T16:10:17.853Z
column1-95,column2-95,95,2023-01-28T16:10:17.853Z
column1-96,column2-96,96,2023-01-28T16:10:17.853Z
column1-97,column2-97,97,2023-01-28T16:10:17.853Z
column1-98,column2-98,98,2023-01-28T16:10:17.853Z
column1-99,column2-99,99,2023-01-28T16:10:17.853Z
column1-100,column2-100,100,2023-01-28T16:10:17.853Z
column1-101,column2-101,101,2023-01-28T16:10:17.853Z
column1-102,column2-102,102,2023-01-28T16:10:17.853Z
column1-103,column2-103,103,2023-01-28T16:10:17.853Z
column1-104,column2-104,104,2023-01-28T16:10:17.853Z
column1-105,column2-105,105,2023-01-28T16:10:17.853Z
column1-106,column2-106,106,2023-01-28T16:10:17.853Z
column1-107,column2-107,107,2023-01-28T16:10:17.853Z
column1-108,column2-108,108,2023-01-28T16:10:17.853Z
column1-109,column2-109,109,2023-01-28T16:10:17.853Z
column1-110,column2-110,110,2023-01-28T16:10:17.853Z
column1-111,column2-111,111,2023-01-28T16:10:17.853Z
column1-112,column2-112,112,2023-01-28T16:10:17.853Z
column1-113,column2-113,113,2023-01-28T16:10:17.853Z
column1-114,column2-114,114,2023-01-28T16:10:17.853Z
column1-115,column2-115,115,2023-01-28T16:10:17.853Z
column1-116,column2-116,116,2023-01-28T16:10:17.853Z
column1-117,column2-117,117,2023-01-28T16:10:17.853Z
column1-118,column2-118,118,2023-01-28T16:10:17.853Z
column1-119,column2-119,119,2023-01-28T16:10:17.853Z
column1-120,column2-120,120,2023-01-28T16:10:17.853Z
column1-121,column2-121,121,2023-01-28T16:10:17.853Z
column1-122,column2-122,122,2023-01-28T16:10:17.853Z
column1-123,column2-123,123,2023-01-28T16:10:17.853Z
column1-124,column2-124,124,2023-01-28T16:10:17.853Z
column1-125,column2-125,125,2023-01-28T16:10:17.853Z
column1-126,column2-126,126,2023-01-28T16:10:17.853Z
column1-127,column2-127,127,2023-01-28T16:10:17.853Z
column1-128,column2-128,128,2023-01-28T16:10:17.853Z
column1-129,column2-129,129,2023-01-28T16:10:17.853Z
column1-130,column2-130,130,2023-01-28T16:10:17.853Z
column1-131,column2-131,131,2023-01-28T16:10:17.853Z
column1-132,column2-132,132,2023-01-28T16:10:17.853Z
column1-133,column2-133,133,2023-01-28T16:10:17.853Z
column1-134,column2-134,134,2023-01-28T16:10:17.854Z
column1-135,column2-135,135,2023-01-28T16:10:17.854Z
column1-136,column2-136,136,2023-01-28T16:10:17.854Z
column1-137,column2-137,137,2023-01-28T16:10:17.854Z
column1-138,column2-138,138,2023-01-28T16:10:17.854Z
column1-139,column2-139,139,2023-01-28T16:10:17.854Z
column1-140,column2-140,140,2023-01-28T16:10:17.854Z
column1-141,column2-141,141,2023-01-28T16:10:17.854Z
column1-142,column2-142,142,2023-01-28T16:10:17.854Z
column1-143,column2-143,143,2023-01-28T16:10:17.854Z
column1-144,column2-144,144,2023-01-28T16:10:17.854Z
column1-145,column2-145,145,2023-01-28T16:10:17.854Z
column1-146,column2-146,146,2023-01-28T16:10:17.854Z
column1-147,column2-147,147,2023-01-28T16:10:17.854Z
column1-148,column2-148,148,2023-01-28T16:10:17.854Z
column1-149,column2-149,149,2023-01-28T16:10:17.854Z
column1-150,column2-150,150,2023-01-28T16:10:17.854Z
column1-151,column2-151,151,2023-01-28T16:10:17.854Z
column1-152,column2-152,152,2023-01-28T16:10:17.854Z
column1-153,column2-153,153,2023-01-28T16:10:17.854Z
column1-154,column2-154,154,2023-01-28T16:10:17.854Z
column1-155,column2-155,155,2023-01-28T16:10:17.854Z
column1-156,column2-156,156,2023-01-28T16:10:17.854Z
column1-157,column2-157,157,2023-01-28T16:10:17.854Z
column1-158,column2-158,158,2023-01-28T16:10:17.854Z
column1-159,column2-159,159,2023-01-28T16:10:17.854Z
column1-160,column2-160,160,2023-01-28T16:10:17.854Z
column1-161,column2-161,161,2023-01-28T16:10:17.854Z
column1-162,column2-162,162,2023-01-28T16:10:17.854Z
column1-163,column2-163,163,2023-01-28T16:10:17.854Z
column1-164,column2-164,164,2023-01-28T16:10:17.854Z
column1-165,column2-165,165,2023-01-28T16:10:17.854Z
column1-166,column2-166,166,2023-01-28T16:10:17.854Z
column1-167,column2-167,167,2023-01-28T16:10:17.854Z
column1-168,column2-168,168,2023-01-28T16:10:17.854Z
column1-169,column2-169,169,2023-01-28T16:10:17.854Z
column1-170,column2-170,170,2023-01-28T16:10:17.854Z
column1-171,column2-171,171,2023-01-28T16:10:17.854Z
column1-172,column2-172,172,2023-01-28T16:10:17.854Z
column1-173,column2-173,173,2023-01-28T16:10:17.854Z
column1-174,column2-174,174,2023-01-28T16:10:17.854Z
column1-175,column2-175,175,2023-01-28T16:10:17.854Z
column1-176,column2-176,176,2023-01-28T16:10:17.854Z
column1-177,column2-177,177,2023-01-28T16:10:17.854Z
column1-178,column2-178,178,2023-01-28T16:10:17.854Z
column1-179,column2-179,179,2023-01-28T16:10:17.854Z
column1-180,column2-180,180,2023-01-28T16:10:17.854Z
column1-181,column2-181,181,2023-01-28T16:10:17.854Z
column1-182,column2-182,182,2023-01-28T16:10:17.854Z
column1-183,column2-183,183,2023-01-28T16:10:17.854Z
column1-184,column2-184,184,2023-01-28T16:10:17.854Z
column1-185,column2-185,185,2023-01-28T16:10:17.854Z
column1-186,column2-186,186,2023-01-28T16:10:17.854Z
column1-187,column2-187,187,2023-01-28T16:10:17.854Z
column1-188,column2-188,188,2023-01-28T16:10:17.854Z
column1-189,column2-189,189,2023-01-28T16:10:17.854Z
column1-190,column2-190,190,2023-01-28T16:10:17.854Z
column1-191,column2-191,191,2023-01-28T16:10:17.854Z
column1-192,column2-192,192,2023-01-28T16:10:17.854Z
column1-193,column2-193,193,2023-01-28T16:10:17.854Z
column1-194,column2-194,194,2023-01-28T16:10:17.854Z
column1-195,column2-195,195,2023-01-28T16:10:17.854Z
column1-196,column2-196,196,2023-01-28T16:10:17.854Z
column1-197,column2-197,197,2023-01-28T16:10:17.854Z
column1-198,column2-198,198,2023-01-28T16:10:17.854Z
column1-199,column2-199,199,2023-01-28T16:10:17.854Z
column1-200,column2-200,200,2023-01-28T16:10:17.854Z
column1-201,column2-201,201,2023-01-28T16:10:17.854Z
column1-202,column2-202,202,2023-01-28T16:10:17.854Z
column1-203,column2-203,203,2023-01-28T16:10:17.854Z
column1-204,column2-204,204,2023-01-28T16:10:17.854Z
column1-205,column2-205,205,2023-01-28T16:10:17.854Z
column1-206,column2-206,206,2023-01-28T16:10:17.854Z
column1-207,column2-207,207,2023-01-28T16:10:17.854Z
column1-208,column2-208,208,2023-01-28T16:10:17.854Z
column1-209,column2-209,209,2023-01-28T16:10:17.854Z
column1-210,column2-210,210,2023-01-28T16:10:17.854Z
column1-211,column2-211,211,2023-01-28T16:10:17.854Z
column1-212,column2-212,212,2023-01-28T16:10:17.854Z
column1-213,column2-213,213,2023-01-28T16:10:17.854Z
column1-214,column2-214,214,2023-01-28T16:10:17.854Z
column1-215,column2-215,215,2023-01-28T16:10:17.854Z
column1-216,column2-216,216,2023-01-28T16:10:17.854Z
column1-217,column2-217,217,2023-01-28T16:10:17.854Z
column1-218,column2-218,218,2023-01-28T16:10:17.854Z
column1-219,column2-219,219,2023-01-28T16:10:17.854Z
column1-220,column2-220,220,2023-01-28T16:10:17.854Z
column1-221,column2-221,221,2023-01-28T16:10:17.854Z
column1-222,column2-222,222,2023-01-28T16:10:17.854Z
column1-223,column2-223,223,2023-01-28T16:10:17.854Z
column1-224,column2-224,224,2023-01-28T16:10:17.854Z
column1-225,column2-225,225,2023-01-28T16:10:17.854Z
column1-226,column2-226,226,2023-01-28T16:10:17.854Z
column1-227,column2-227,227,2023-01-28T16:10:17.854Z
column1-228,column2-228,228,2023-01-28T16:10:17.854Z
column1-229,column2-229,229,2023-01-28T16:10:17.854Z
column1-230,column2-230,230,2023-01-28T16:10:17.854Z
column1-231,column2-231,231,2023-01-28T16:10:17.854Z
column1-232,column2-232,232,2023-01-28T16:10:17.854Z
column1-233,column2-233,233,2023-01-28T16:10:17.854Z
column1-234,column2-234,234,2023-01-28T16:10:17.854Z
column1-235,column2-235,235,2023-01-28T16:10:17.854Z
column1-236,column2-236,236,2023-01-28T16:10:17.854Z
column1-237,column2-237,237,2023-01-28T16:10:17.854Z
column1-238,column2-238,238,2023-01-28T16:10:17.854Z
column1-239,column2-239,239,2023-01-28T16:10:17.854Z
column1-240,column2-240,240,2023-01-28T16:10:17.854Z
column1-241,column2-241,241,2023-01-28T16:10:17.854Z
column1-242,column2-242,242,2023-01-28T16:10:17.854Z
column1-243,column2-243,243,2023-01-28T16:10:17.854Z
column1-244,column2-244,244,2023-01-28T16:10:17.854Z
column1-245,column2-245,245,2023-01-28T16:10:17.854Z
column1-246,column2-246,246,2023-01-28T16:10:17.854Z
column1-247,column2-247,247,2023-01-28T16:10:17.854Z
column1-248,column2-248,248,2023-01-28T16:10:17.854Z
column1-249,column2-249,249,2023-01-28T16:10:17.854Z
column1-250,column2-250,250,2023-01-28T16:10:17.854Z
column1-251,column2-251,251,2023-01-28T16:10:17.854Z
column1-252,column2-252,252,2023-01-28T16:10:17.854Z
column1-253,column2-253,253,2023-01-28T16:10:17.854Z
column1-254,column2-254,254,2023-01-28T16:10:17.854Z
column1-255,column2-255,255,2023-01-28T16:10:17.854Z
column1-256,column2-256,256,2023-01-28T16:10:17.854Z
column1-257,column2-257,257,2023-01-28T16:10:17.854Z
column1-258,column2-258,258,2023-01-28T16:10:17.854Z
column1-259,column2-259,259,2023-01-28T16:10:17.854Z
column1-260,column2-260,260,2023-01-28T16:10:17.854Z
column1-261,column2-261,261,2023-01-28T16:10:17.854Z
column1-262,column2-262,262,2023-01-28T16:10:17.854Z
column1-263,column2-263,263,2023-01-28T16:10:17.854Z
column1-264,column2-264,264,2023-01-28T16:10:17.854Z
column1-265,column2-265,265,2023-01-28T16:10:17.854Z
column1-266,column2-266,266,2023-01-28T16:10:17.854Z
column1-267,column2-267,267,2023-01-28T16:10:17.854Z
column1-268,column2-268,268,2023-01-28T16:10:17.854Z
column1-269,column2-269,269,2023-01-28T16:10:17.854Z
column1-270,column2-270,270,2023-01-28T16:10:17.854Z
column1-271,column2-271,271,2023-01-28T16:10:17.854Z
column1-272,column2-272,272,2023-01-28T16:10:17.854Z
column1-273,column2-273,273,2023-01-28T16:10:17.854Z
column1-274,column2-274,274,2023-01-28T16:10:17.854Z
column1-275,column2-275,275,2023-01-28T16:10:17.854Z
column1-276,column2-276,276,2023-01-28T16:10:17.854Z
column1-277,column2-277,277,2023-01-28T16:10:17.854Z
column1-278,column2-278,278,2023-01-28T16:10:17.854Z
column1-279,column2-279,279,2023-01-28T16:10:17.854Z
column1-280,column2-280,280,2023-01-28T16:10:17.854Z
column1-281,column2-281,281,2023-01-28T16:10:17.854Z
column1-282,column2-282,282,2023-01-28T16:10:17.854Z
column1-283,column2-283,283,2023-01-28T16:10:17.854Z
column1-284,column2-284,284,2023-01-28T16:10:17.854Z
column1-285,column2-285,285,2023-01-28T16:10:17.854Z
column1-286,column2-286,286,2023-01-28T16:10:17.854Z
column1-287,column2-287,287,2023-01-28T16:10:17.854Z
column1-288,column2-288,288,2023-01-28T16:10:17.854Z
column1-289,column2-289,289,2023-01-28T16:10:17.854Z
column1-290,column2-290,290,2023-01-28T16:10:17.854Z
column1-291,column2-291,291,2023-01-28T16:10:17.854Z
column1-292,column2-292,292,2023-01-28T16:10:17.854Z
column1-293,column2-293,293,2023-01-28T16:10:17.854Z
column1-294,column2-294,294,2023-01-28T16:10:17.854Z
column1-295,column2-295,295,2023-01-28T16:10:17.854Z
column1-296,column2-296,296,2023-01-28T16:10:17.854Z
column1-297,column2-297,297,2023-01-28T16:10:17.854Z
column1-298,column2-298,298,2023-01-28T16:10:17.854Z
column1-299,column2-299,299,2023-01-28T16:10:17.854Z
column1-300,column2-300,300,2023-01-28T16:10:17.854Z
column1-301,column2-301,301,2023-01-28T16:10:17.854Z
column1-302,column2-302,302,2023-01-28T16:10:17.854Z
column1-303,column2-303,303,2023-01-28T16:10:17.854Z
column1-304,column2-304,304,2023-01-28T16:10:17.854Z
column1-305,column2-305,305,2023-01-28T16:10:17.854Z
column1-306,column2-306,306,2023-01-28T16:10:17.854Z
column1-307,column2-307,307,2023-01-28T16:10:17.854Z
column1-308,column2-308,308,2023-01-28T16:10:17.854Z
column1-309,column2-309,309,2023-01-28T16:10:17.854Z
column1-310,column2-310,310,2023-01-28T16:10:17.854Z
column1-311,column2-311,311,2023-01-28T16:10:17.854Z
column1-312,column2-312,312,2023-01-28T16:10:17.854Z
column1-313,column2-313,313,2023-01-28T16:10:17.854Z
column1-314,column2-314,314,2023-01-28T16:10:17.854Z
column1-315,column2-315,315,2023-01-28T16:10:17.854Z
column1-316,column2-316,316,2023-01-28T16:10:17.854Z
column1-317,column2-317,317,2023-01-28T16:10:17.854Z
column1-318,column2-318,318,2023-01-28T16:10:17.854Z
column1-319,column2-319,319,2023-01-28T16:10:17.854Z
column1-320,column2-320,320,2023-01-28T16:10:17.854Z
column1-321,column2-321,321,2023-01-28T16:10:17.854Z
column1-322,column2-322,322,2023-01-28T16:10:17.854Z
column1-323,column2-323,323,2023-01-28T16:10:17.854Z
column1-324,column2-324,324,2023-01-28T16:10:17.854Z
column1-325,column2-325,325,2023-01-28T16:10:17.854Z
column1-326,column2-326,326,2023-01-28T16:10:17.854Z
column1-327,column2-327,327,2023-01-28T16:10:17.854Z
column1-328,column2-328,328,2023-01-28T16:10:17.854Z
column1-329,column2-329,329,2023-01-28T16:10:17.854Z
column1-330,column2-330,330,2023-01-28T16:10:17.854Z
column1-331,column2-331,331,2023-01-28T16:10:17.854Z
column1-332,column2-332,332,2023-01-28T16:10:17.854Z
column1-333,column2-333,333,2023-01-28T16:10:17.854Z
column1-334,column2-334,334,2023-01-28T16:10:17.854Z
column1-335,column2-335,335,2023-01-28T16:10:17.854Z
column1-336,column2-336,336,2023-01-28T16:10:17.854Z
column1-337,column2-337,337,2023-01-28T16:10:17.854Z
column1-338,column2-338,338,2023-01-28T16:10:17.854Z
column1-339,column2-339,339,2023-01-28T16:10:17.854Z
column1-340,column2-340,340,2023-01-28T16:10:17.854Z
column1-341,column2-341,341,2023-01-28T16:10:17.854Z
column1-342,column2-342,342,2023-01-28T16:10:17.854Z
column1-343,column2-343,343,2023-01-28T16:10:17.854Z
column1-344,column2-344,344,2023-01-28T16:10:17.854Z
column1-345,column2-345,345,2023-01-28T16:10:17.854Z
column1-346,column2-346,346,2023-01-28T16:10:17.854Z
column1-347,column2-347,347,2023-01-28T16:10:17.854Z
column1-348,column2-348,348,2023-01-28T16:10:17.854Z
column1-349,column2-349,349,2023-01-28T16:10:17.854Z
column1-350,column2-350,350,2023-01-28T16:10:17.854Z
column1-351,column2-351,351,2023-01-28T16:10:17.854Z
column1-352,column2-352,352,2023-01-28T16:10:17.854Z
column1-353,column2-353,353,2023-01-28T16:10:17.854Z
column1-354,column2-354,354,2023-01-28T16:10:17.854Z
column1-355,column2-355,355,2023-01-28T16:10:17.854Z
column1-356,column2-356,356,2023-01-28T16:10:17.854Z
column1-357,column2-357,357,2023-01-28T16:10:17.854Z
column1-358,column2-358,358,2023-01-28T16:10:17.854Z
column1-359,column2-359,359,2023-01-28T16:10:17.854Z
column1-360,column2-360,360,2023-01-28T16:10:17.854Z
column1-361,column2-361,361,2023-01-28T16:10:17.854Z
column1-362,column2-362,362,2023-01-28T16:10:17.854Z
column1-363,column2-363,363,2023-01-28T16:10:17.854Z
column1-364,column2-364,364,2023-01-28T16:10:17.854Z
column1-365,column2-365,365,2023-01-28T16:10:17.854Z
column1-366,column2-366,366,2023-01-28T16:10:17.854Z
column1-367,column2-367,367,2023-01-28T16:10:17.854Z
column1-368,column2-368,368,2023-01-28T16:10:17.854Z
column1-369,column2-369,369,2023-01-28T16:10:17.854Z
column1-370,column2-370,370,2023-01-28T16:10:17.854Z
column1-371,column2-371,371,2023-01-28T16:10:17.854Z
column1-372,column2-372,372,2023-01-28T16:10:17.854Z
column1-373,column2-373,373,2023-01-28T16:10:17.854Z
column1-374,column2-374,374,2023-01-28T16:10:17.854Z
column1-375,column2-375,375,2023-01-28T16:10:17.854Z
column1-376,column2-376,376,2023-01-28T16:10:17.854Z
column1-377,column2-377,377,2023-01-28T16:10:17.854Z
column1-378,column2-378,378,2023-01-28T16:10:17.854Z
column1-379,column2-379,379,2023-01-28T16:10:17.854Z
column1-380,column2-380,380,2023-01-28T16:10:17.854Z
column1-381,column2-381,381,2023-01-28T16:10:17.854Z
column1-382,column2-382,382,2023-01-28T16:10:17.854Z
column1-383,column2-383,383,2023-01-28T16:10:17.854Z
column1-384,column2-384,384,2023-01-28T16:10:17.854Z
column1-385,column2-385,385,2023-01-28T16:10:17.854Z
column1-386,column2-386,386,2023-01-28T16:10:17.854Z
column1-387,column2-387,387,2023-01-28T16:10:17.854Z
column1-388,column2-388,388,2023-01-28T16:10:17.854Z
column1-389,column2-389,389,2023-01-28T16:10:17.854Z
column1-390,column2-390,390,2023-01-28T16:10:17.854Z
column1-391,column2-391,391,2023-01-28T16:10:17.854Z
column1-392,column2-392,392,2023-01-28T16:10:17.854Z
column1-393,column2-393,393,2023-01-28T16:10:17.854Z
column1-394,column2-394,394,2023-01-28T16:10:17.854Z
column1-395,column2-395,395,2023-01-28T16:10:17.854Z
column1-396,column2-396,396,2023-01-28T16:10:17.854Z
column1-397,column2-397,397,2023-01-28T16:10:17.854Z
column1-398,column2-398,398,2023-01-28T16:10:17.854Z
column1-399,column2-399,399,2023-01-28T16:10:17.854Z
column1-400,column2-400,400,2023-01-28T16:10:17.854Z
column1-401,column2-401,401,2023-01-28T16:10:17.854Z
column1-402,column2-402,402,2023-01-28T16:10:17.854Z
column1-403,column2-403,403,2023-01-28T16:10:17.854Z
column1-404,column2-404,404,2023-01-28T16:10:17.854Z
column1-405,column2-405,405,2023-01-28T16:10:17.854Z
column1-406,column2-406,406,2023-01-28T16:10:17.854Z
column1-407,column2-407,407,2023-01-28T16:10:17.854Z
column1-408,column2-408,408,2023-01-28T16:10:17.854Z
column1-409,column2-409,409,2023-01-28T16:10:17.854Z
column1-410,column2-410,410,2023-01-28T16:10:17.854Z
column1-411,column2-411,411,2023-01-28T16:10:17.854Z
column1-412,column2-412,412,2023-01-28T16:10:17.854Z
column1-413,column2-413,413,2023-01-28T16:10:17.854Z
column1-414,column2-414,414,2023-01-28T16:10:17.854Z
column1-415,column2-415,415,2023-01-28T16:10:17.854Z
column1-416,column2-416,416,2023-01-28T16:10:17.854Z
column1-417,column2-417,417,2023-01-28T16:10:17.854Z
column1-418,column2-418,418,2023-01-28T16:10:17.854Z
column1-419,column2-419,419,2023-01-28T16:10:17.854Z
column1-420,column2-420,420,2023-01-28T16:10:17.854Z
column1-421,column2-421,421,2023-01-28T16:10:17.854Z
column1-422,column2-422,422,2023-01-28T16:10:17.854Z
column1-423,column2-423,423,2023-01-28T16:10:17.854Z
column1-424,column2-424,424,2023-01-28T16:10:17.854Z
column1-425,column2-425,425,2023-01-28T16:10:17.854Z
column1-426,column2-426,426,2023-01-28T16:10:17.854Z
column1-427,column2-427,427,2023-01-28T16:10:17.854Z
column1-428,column2-428,428,2023-01-28T16:10:17.854Z
column1-429,column2-429,429,2023-01-28T16:10:17.854Z
column1-430,column2-430,430,2023-01-28T16:10:17.854Z
column1-431,column2-431,431,2023-01-28T16:10:17.854Z
column1-432,column2-432,432,2023-01-28T16:10:17.854Z
column1-433,column2-433,433,2023-01-28T16:10:17.854Z
column1-434,column2-434,434,2023-01-28T16:10:17.854Z
column1-435,column2-435,435,2023-01-28T16:10:17.854Z
column1-436,column2-436,436,2023-01-28T16:10:17.854Z
column1-437,column2-437,437,2023-01-28T16:10:17.854Z
column1-438,column2-438,438,2023-01-28T16:10:17.854Z
column1-439,column2-439,439,2023-01-28T16:10:17.854Z
column1-440,column2-440,440,2023-01-28T16:10:17.854Z
column1-441,column2-441,441,2023-01-28T16:10:17.854Z
column1-442,column2-442,442,2023-01-28T16:10:17.854Z
column1-443,column2-443,443,2023-01-28T16:10:17.854Z
column1-444,column2-444,444,2023-01-28T16:10:17.854Z
column1-445,column2-445,445,2023-01-28T16:10:17.854Z
column1-446,column2-446,446,2023-01-28T16:10:17.854Z
column1-447,column2-447,447,2023-01-28T16:10:17.854Z
column1-448,column2-448,448,2023-01-28T16:10:17.854Z
column1-449,column2-449,449,2023-01-28T16:10:17.854Z
column1-450,column2-450,450,2023-01-28T16:10:17.854Z
column1-451,column2-451,451,2023-01-28T16:10:17.854Z
column1-452,column2-452,452,2023-01-28T16:10:17.854Z
column1-453,column2-453,453,2023-01-28T16:10:17.854Z
column1-454,column2-454,454,2023-01-28T16:10:17.854Z
column1-455,column2-455,455,2023-01-28T16:10:17.854Z
column1-456,column2-456,456,2023-01-28T16:10:17.854Z
column1-457,column2-457,457,2023-01-28T16:10:17.854Z
column1-458,column2-458,458,2023-01-28T16:10:17.854Z
column1-459,column2-459,459,2023-01-28T16:10:17.854Z
column1-460,column2-460,460,2023-01-28T16:10:17.854Z
column1-461,column2-461,461,2023-01-28T16:10:17.854Z
column1-462,column2-462,462,2023-01-28T16:10:17.854Z
column1-463,column2-463,463,2023-01-28T16:10:17.854Z
column1-464,column2-464,464,2023-01-28T16:10:17.854Z
column1-465,column2-465,465,2023-01-28T16:10:17.854Z
column1-466,column2-466,466,2023-01-28T16:10:17.854Z
column1-467,column2-467,467,2023-01-28T16:10:17.854Z
column1-468,column2-468,468,2023-01-28T16:10:17.854Z
column1-469,column2-469,469,2023-01-28T16:10:17.854Z
column1-470,column2-470,470,2023-01-28T16:10:17.854Z
column1-471,column2-471,471,2023-01-28T16:10:17.854Z
column1-472,column2-472,472,2023-01-28T16:10:17.854Z
column1-473,column2-473,473,2023-01-28T16:10:17.854Z
column1-474,column2-474,474,2023-01-28T16:10:17.854Z
column1-475,column2-475,475,2023-01-28T16:10:17.854Z
column1-476,column2-476,476,2023-01-28T16:10:17.854Z
column1-477,column2-477,477,2023-01-28T16:10:17.854Z
column1-478,column2-478,478,2023-01-28T16:10:17.854Z
column1-479,column2-479,479,2023-01-28T16:10:17.854Z
column1-480,column2-480,480,2023-01-28T16:10:17.854Z
column1-481,column2-481,481,2023-01-28T16:10:17.854Z
column1-482,column2-482,482,2023-01-28T16:10:17.854Z
column1-483,column2-483,483,2023-01-28T16:10:17.854Z
column1-484,column2-484,484,2023-01-28T16:10:17.854Z
column1-485,column2-485,485,2023-01-28T16:10:17.854Z
column1-486,column2-486,486,2023-01-28T16:10:17.854Z
column1-487,column2-487,487,2023-01-28T16:10:17.854Z
column1-488,column2-488,488,2023-01-28T16:10:17.854Z
column1-489,column2-489,489,2023-01-28T16:10:17.854Z
column1-490,column2-490,490,2023-01-28T16:10:17.854Z
column1-491,column2-491,491,2023-01-28T16:10:17.854Z
column1-492,column2-492,492,2023-01-28T16:10:17.854Z
column1-493,column2-493,493,2023-01-28T16:10:17.854Z
column1-494,column2-494,494,2023-01-28T16:10:17.854Z
column1-495,column2-495,495,2023-01-28T16:10:17.854Z
column1-496,column2-496,496,2023-01-28T16:10:17.854Z
column1-497,column2-497,497,2023-01-28T16:10:17.854Z
column1-498,column2-498,498,2023-01-28T16:10:17.854Z
column1-499,column2-499,499,2023-01-28T16:10:17.854Z
column1-500,column2-500,500,2023-01-28T16:10:17.854Z
column1-501,column2-501,501,2023-01-28T16:10:17.854Z
column1-502,column2-502,502,2023-01-28T16:10:17.854Z
column1-503,column2-503,503,2023-01-28T16:10:17.854Z
column1-504,column2-504,504,2023-01-28T16:10:17.854Z
column1-505,column2-505,505,2023-01-28T16:10:17.854Z
column1-506,column2-506,506,2023-01-28T16:10:17.854Z
column1-507,column2-507,507,2023-01-28T16:10:17.854Z
column1-508,column2-508,508,2023-01-28T16:10:17.854Z
column1-509,column2-509,509,2023-01-28T16:10:17.854Z
column1-510,column2-510,510,2023-01-28T16:10:17.854Z
column1-511,column2-511,511,2023-01-28T16:10:17.854Z
column1-512,column2-512,512,2023-01-28T16:10:17.854Z
column1-513,column2-513,513,2023-01-28T16:10:17.854Z
column1-514,column2-514,514,2023-01-28T16:10:17.854Z
column1-515,column2-515,515,2023-01-28T16:10:17.854Z
column1-516,column2-516,516,2023-01-28T16:10:17.854Z
column1-517,column2-517,517,2023-01-28T16:10:17.854Z
column1-518,column2-518,518,2023-01-28T16:10:17.854Z
column1-519,column2-519,519,2023-01-28T16:10:17.854Z
column1-520,column2-520,520,2023-01-28T16:10:17.854Z
column1-521,column2-521,521,2023-01-28T16:10:17.854Z
column1-522,column2-522,522,2023-01-28T16:10:17.854Z
column1-523,column2-523,523,2023-01-28T16:10:17.854Z
column1-524,column2-524,524,2023-01-28T16:10:17.854Z
column1-525,column2-525,525,2023-01-28T16:10:17.854Z
column1-526,column2-526,526,2023-01-28T16:10:17.854Z
column1-527,column2-527,527,2023-01-28T16:10:17.854Z
column1-528,column2-528,528,2023-01-28T16:10:17.854Z
column1-529,column2-529,529,2023-01-28T16:10:17.854Z
column1-530,column2-530,530,2023-01-28T16:10:17.854Z
column1-531,column2-531,531,2023-01-28T16:10:17.854Z
column1-532,column2-532,532,2023-01-28T16:10:17.854Z
column1-533,column2-533,533,2023-01-28T16:10:17.854Z
column1-534,column2-534,534,2023-01-28T16:10:17.854Z
column1-535,column2-535,535,2023-01-28T16:10:17.854Z
column1-536,column2-536,536,2023-01-28T16:10:17.854Z
column1-537,column2-537,537,2023-01-28T16:10:17.854Z
column1-538,column2-538,538,2023-01-28T16:10:17.854Z
column1-539,column2-539,539,2023-01-28T16:10:17.854Z
column1-540,column2-540,540,2023-01-28T16:10:17.854Z
column1-541,column2-541,541,2023-01-28T16:10:17.854Z
column1-542,column2-542,542,2023-01-28T16:10:17.854Z
column1-543,column2-543,543,2023-01-28T16:10:17.854Z
column1-544,column2-544,544,2023-01-28T16:10:17.854Z
column1-545,column2-545,545,2023-01-28T16:10:17.854Z
column1-546,column2-546,546,2023-01-28T16:10:17.854Z
column1-547,column2-547,547,2023-01-28T16:10:17.854Z
column1-548,column2-548,548,2023-01-28T16:10:17.854Z
column1-549,column2-549,549,2023-01-28T16:10:17.854Z
column1-550,column2-550,550,2023-01-28T16:10:17.854Z
column1-551,column2-551,551,2023-01-28T16:10:17.854Z
column1-552,column2-552,552,2023-01-28T16:10:17.854Z
column1-553,column2-553,553,2023-01-28T16:10:17.854Z
column1-554,column2-554,554,2023-01-28T16:10:17.854Z
column1-555,column2-555,555,2023-01-28T16:10:17.854Z
column1-556,column2-556,556,2023-01-28T16:10:17.854Z
column1-557,column2-557,557,2023-01-28T16:10:17.854Z
column1-558,column2-558,558,2023-01-28T16:10:17.854Z
column1-559,column2-559,559,2023-01-28T16:10:17.854Z
column1-560,column2-560,560,2023-01-28T16:10:17.854Z
column1-561,column2-561,561,2023-01-28T16:10:17.854Z
column1-562,column2-562,562,2023-01-28T16:10:17.854Z
column1-563,column2-563,563,2023-01-28T16:10:17.854Z
column1-564,column2-564,564,2023-01-28T16:10:17.854Z
column1-565,column2-565,565,2023-01-28T16:10:17.854Z
column1-566,column2-566,566,2023-01-28T16:10:17.854Z
column1-567,column2-567,567,2023-01-28T16:10:17.854Z
column1-568,column2-568,568,2023-01-28T16:10:17.854Z
column1-569,column2-569,569,2023-01-28T16:10:17.854Z
column1-570,column2-570,570,2023-01-28T16:10:17.854Z
column1-571,column2-571,571,2023-01-28T16:10:17.854Z
column1-572,column2-572,572,2023-01-28T16:10:17.854Z
column1-573,column2-573,573,2023-01-28T16:10:17.854Z
column1-574,column2-574,574,2023-01-28T16:10:17.854Z
column1-575,column2-575,575,2023-01-28T16:10:17.854Z
column1-576,column2-576,576,2023-01-28T16:10:17.854Z
column1-577,column2-577,577,2023-01-28T16:10:17.854Z
column1-578,column2-578,578,2023-01-28T16:10:17.854Z
column1-579,column2-579,579,2023-01-28T16:10:17.854Z
column1-580,column2-580,580,2023-01-28T16:10:17.854Z
column1-581,column2-581,581,2023-01-28T16:10:17.854Z
column1-582,column2-582,582,2023-01-28T16:10:17.854Z
column1-583,column2-583,583,2023-01-28T16:10:17.854Z
column1-584,column2-584,584,2023-01-28T16:10:17.854Z
column1-585,column2-585,585,2023-01-28T16:10:17.854Z
column1-586,column2-586,586,2023-01-28T16:10:17.854Z
column1-587,column2-587,587,2023-01-28T16:10:17.854Z
column1-588,column2-588,588,2023-01-28T16:10:17.854Z
column1-589,column2-589,589,2023-01-28T16:10:17.854Z
column1-590,column2-590,590,2023-01-28T16:10:17.854Z
column1-591,column2-591,591,2023-01-28T16:10:17.854Z
column1-592,column2-592,592,2023-01-28T16:10:17.854Z
column1-593,column2-593,593,2023-01-28T16:10:17.854Z
column1-594,column2-594,594,2023-01-28T16:10:17.854Z
column1-595,column2-595,595,2023-01-28T16:10:17.854Z
column1-596,column2-596,596,2023-01-28T16:10:17.854Z
column1-597,column2-597,597,2023-01-28T16:10:17.854Z
column1-598,column2-598,598,2023-01-28T16:10:17.854Z
column1-599,column2-599,599,2023-01-28T16:10:17.854Z
column1-600,column2-600,600,2023-01-28T16:10:17.854Z
column1-601,column2-601,601,2023-01-28T16:10:17.854Z
column1-602,column2-602,602,2023-01-28T16:10:17.854Z
column1-603,column2-603,603,2023-01-28T16:10:17.854Z
column1-604,column2-604,604,2023-01-28T16:10:17.854Z
column1-605,column2-605,605,2023-01-28T16:10:17.854Z
column1-606,column2-606,606,2023-01-28T16:10:17.854Z
column1-607,column2-607,607,2023-01-28T16:10:17.854Z
column1-608,column2-608,608,2023-01-28T16:10:17.854Z
column1-609,column2-609,609,2023-01-28T16:10:17.854Z
column1-610,column2-610,610,2023-01-28T16:10:17.854Z
column1-611,column2-611,611,2023-01-28T16:10:17.854Z
column1-612,column2-612,612,2023-01-28T16:10:17.854Z
column1-613,column2-613,613,2023-01-28T16:10:17.854Z
column1-614,column2-614,614,2023-01-28T16:10:17.854Z
column1-615,column2-615,615,2023-01-28T16:10:17.854Z
column1-616,column2-616,616,2023-01-28T16:10:17.854Z
column1-617,column2-617,617,2023-01-28T16:10:17.854Z
column1-618,column2-618,618,2023-01-28T16:10:17.854Z
column1-619,column2-619,619,2023-01-28T16:10:17.854Z
column1-620,column2-620,620,2023-01-28T16:10:17.854Z
column1-621,column2-621,621,2023-01-28T16:10:17.854Z
column1-622,column2-622,622,2023-01-28T16:10:17.854Z
column1-623,column2-623,623,2023-01-28T16:10:17.854Z
column1-624,column2-624,624,2023-01-28T16:10:17.854Z
column1-625,column2-625,625,2023-01-28T16:10:17.854Z
column1-626,column2-626,626,2023-01-28T16:10:17.854Z
column1-627,column2-627,627,2023-01-28T16:10:17.854Z
column1-628,column2-628,628,2023-01-28T16:10:17.854Z
column1-629,column2-629,629,2023-01-28T16:10:17.854Z
column1-630,column2-630,630,2023-01-28T16:10:17.854Z
column1-631,column2-631,631,2023-01-28T16:10:17.854Z
column1-632,column2-632,632,2023-01-28T16:10:17.854Z
column1-633,column2-633,633,2023-01-28T16:10:17.854Z
column1-634,column2-634,634,2023-01-28T16:10:17.854Z
column1-635,column2-635,635,2023-01-28T16:10:17.854Z
column1-636,column2-636,636,2023-01-28T16:10:17.854Z
column1-637,column2-637,637,2023-01-28T16:10:17.854Z
column1-638,column2-638,638,2023-01-28T16:10:17.854Z
column1-639,column2-639,639,2023-01-28T16:10:17.854Z
column1-640,column2-640,640,2023-01-28T16:10:17.854Z
column1-641,column2-641,641,2023-01-28T16:10:17.854Z
column1-642,column2-642,642,2023-01-28T16:10:17.854Z
column1-643,column2-643,643,2023-01-28T16:10:17.854Z
column1-644,column2-644,644,2023-01-28T16:10:17.854Z
column1-645,column2-645,645,2023-01-28T16:10:17.854Z
column1-646,column2-646,646,2023-01-28T16:10:17.854Z
column1-647,column2-647,647,2023-01-28T16:10:17.854Z
column1-648,column2-648,648,2023-01-28T16:10:17.854Z
column1-649,column2-649,649,2023-01-28T16:10:17.854Z
column1-650,column2-650,650,2023-01-28T16:10:17.854Z
column1-651,column2-651,651,2023-01-28T16:10:17.854Z
column1-652,column2-652,652,2023-01-28T16:10:17.854Z
column1-653,column2-653,653,2023-01-28T16:10:17.854Z
column1-654,column2-654,654,2023-01-28T16:10:17.854Z
column1-655,column2-655,655,2023-01-28T16:10:17.854Z
column1-656,column2-656,656,2023-01-28T16:10:17.854Z
column1-657,column2-657,657,2023-01-28T16:10:17.854Z
column1-658,column2-658,658,2023-01-28T16:10:17.854Z
column1-659,column2-659,659,2023-01-28T16:10:17.854Z
column1-660,column2-660,660,2023-01-28T16:10:17.854Z
column1-661,column2-661,661,2023-01-28T16:10:17.854Z
column1-662,column2-662,662,2023-01-28T16:10:17.854Z
column1-663,column2-663,663,2023-01-28T16:10:17.854Z
column1-664,column2-664,664,2023-01-28T16:10:17.854Z
column1-665,column2-665,665,2023-01-28T16:10:17.854Z
column1-666,column2-666,666,2023-01-28T16:10:17.854Z
column1-667,column2-667,667,2023-01-28T16:10:17.854Z
column1-668,column2-668,668,2023-01-28T16:10:17.854Z
column1-669,column2-669,669,2023-01-28T16:10:17.854Z
column1-670,column2-670,670,2023-01-28T16:10:17.854Z
column1-671,column2-671,671,2023-01-28T16:10:17.854Z
column1-672,column2-672,672,2023-01-28T16:10:17.854Z
column1-673,column2-673,673,2023-01-28T16:10:17.854Z
column1-674,column2-674,674,2023-01-28T16:10:17.854Z
column1-675,column2-675,675,2023-01-28T16:10:17.854Z
column1-676,column2-676,676,2023-01-28T16:10:17.854Z
column1-677,column2-677,677,2023-01-28T16:10:17.854Z
column1-678,column2-678,678,2023-01-28T16:10:17.854Z
column1-679,column2-679,679,2023-01-28T16:10:17.854Z
column1-680,column2-680,680,2023-01-28T16:10:17.854Z
column1-681,column2-681,681,2023-01-28T16:10:17.854Z
column1-682,column2-682,682,2023-01-28T16:10:17.854Z
column1-683,column2-683,683,2023-01-28T16:10:17.854Z
column1-684,column2-684,684,2023-01-28T16:10:17.854Z
column1-685,column2-685,685,2023-01-28T16:10:17.854Z
column1-686,column2-686,686,2023-01-28T16:10:17.854Z
column1-687,column2-687,687,2023-01-28T16:10:17.854Z
column1-688,column2-688,688,2023-01-28T16:10:17.855Z
column1-689,column2-689,689,2023-01-28T16:10:17.855Z
column1-690,column2-690,690,2023-01-28T16:10:17.855Z
column1-691,column2-691,691,2023-01-28T16:10:17.855Z
column1-692,column2-692,692,2023-01-28T16:10:17.855Z
column1-693,column2-693,693,2023-01-28T16:10:17.855Z
column1-694,column2-694,694,2023-01-28T16:10:17.855Z
column1-695,column2-695,695,2023-01-28T16:10:17.855Z
column1-696,column2-696,696,2023-01-28T16:10:17.855Z
column1-697,column2-697,697,2023-01-28T16:10:17.855Z
column1-698,column2-698,698,2023-01-28T16:10:17.855Z
column1-699,column2-699,699,2023-01-28T16:10:17.855Z
column1-700,column2-700,700,2023-01-28T16:10:17.855Z
column1-701,column2-701,701,2023-01-28T16:10:17.855Z
column1-702,column2-702,702,2023-01-28T16:10:17.855Z
column1-703,column2-703,703,2023-01-28T16:10:17.855Z
column1-704,column2-704,704,2023-01-28T16:10:17.855Z
column1-705,column2-705,705,2023-01-28T16:10:17.855Z
column1-706,column2-706,706,2023-01-28T16:10:17.855Z
column1-707,column2-707,707,2023-01-28T16:10:17.855Z
column1-708,column2-708,708,2023-01-28T16:10:17.855Z
column1-709,column2-709,709,2023-01-28T16:10:17.855Z
column1-710,column2-710,710,2023-01-28T16:10:17.855Z
column1-711,column2-711,711,2023-01-28T16:10:17.855Z
column1-712,column2-712,712,2023-01-28T16:10:17.855Z
column1-713,column2-713,713,2023-01-28T16:10:17.855Z
column1-714,column2-714,714,2023-01-28T16:10:17.855Z
column1-715,column2-715,715,2023-01-28T16:10:17.855Z
column1-716,column2-716,716,2023-01-28T16:10:17.855Z
column1-717,column2-717,717,2023-01-28T16:10:17.855Z
column1-718,column2-718,718,2023-01-28T16:10:17.855Z
column1-719,column2-719,719,2023-01-28T16:10:17.855Z
column1-720,column2-720,720,2023-01-28T16:10:17.855Z
column1-721,column2-721,721,2023-01-28T16:10:17.855Z
column1-722,column2-722,722,2023-01-28T16:10:17.855Z
column1-723,column2-723,723,2023-01-28T16:10:17.855Z
column1-724,column2-724,724,2023-01-28T16:10:17.855Z
column1-725,column2-725,725,2023-01-28T16:10:17.855Z
column1-726,column2-726,726,2023-01-28T16:10:17.855Z
column1-727,column2-727,727,2023-01-28T16:10:17.855Z
column1-728,column2-728,728,2023-01-28T16:10:17.855Z
column1-729,column2-729,729,2023-01-28T16:10:17.855Z
column1-730,column2-730,730,2023-01-28T16:10:17.855Z
column1-731,column2-731,731,2023-01-28T16:10:17.855Z
column1-732,column2-732,732,2023-01-28T16:10:17.855Z
column1-733,column2-733,733,2023-01-28T16:10:17.855Z
column1-734,column2-734,734,2023-01-28T16:10:17.855Z
column1-735,column2-735,735,2023-01-28T16:10:17.855Z
column1-736,column2-736,736,2023-01-28T16:10:17.855Z
column1-737,column2-737,737,2023-01-28T16:10:17.855Z
column1-738,column2-738,738,2023-01-28T16:10:17.855Z
column1-739,column2-739,739,2023-01-28T16:10:17.855Z
column1-740,column2-740,740,2023-01-28T16:10:17.855Z
column1-741,column2-741,741,2023-01-28T16:10:17.855Z
column1-742,column2-742,742,2023-01-28T16:10:17.855Z
column1-743,column2-743,743,2023-01-28T16:10:17.855Z
column1-744,column2-744,744,2023-01-28T16:10:17.855Z
column1-745,column2-745,745,2023-01-28T16:10:17.855Z
column1-746,column2-746,746,2023-01-28T16:10:17.855Z
column1-747,column2-747,747,2023-01-28T16:10:17.855Z
column1-748,column2-748,748,2023-01-28T16:10:17.855Z
column1-749,column2-749,749,2023-01-28T16:10:17.855Z
column1-750,column2-750,750,2023-01-28T16:10:17.855Z
column1-751,column2-751,751,2023-01-28T16:10:17.855Z
column1-752,column2-752,752,2023-01-28T16:10:17.855Z
column1-753,column2-753,753,2023-01-28T16:10:17.855Z
column1-754,column2-754,754,2023-01-28T16:10:17.855Z
column1-755,column2-755,755,2023-01-28T16:10:17.855Z
column1-756,column2-756,756,2023-01-28T16:10:17.855Z
column1-757,column2-757,757,2023-01-28T16:10:17.855Z
column1-758,column2-758,758,2023-01-28T16:10:17.855Z
column1-759,column2-759,759,2023-01-28T16:10:17.855Z
column1-760,column2-760,760,2023-01-28T16:10:17.855Z
column1-761,column2-761,761,2023-01-28T16:10:17.855Z
column1-762,column2-762,762,2023-01-28T16:10:17.855Z
column1-763,column2-763,763,2023-01-28T16:10:17.855Z
column1-764,column2-764,764,2023-01-28T16:10:17.855Z
column1-765,column2-765,765,2023-01-28T16:10:17.855Z
column1-766,column2-766,766,2023-01-28T16:10:17.855Z
column1-767,column2-767,767,2023-01-28T16:10:17.855Z
column1-768,column2-768,768,2023-01-28T16:10:17.855Z
column1-769,column2-769,769,2023-01-28T16:10:17.855Z
column1-770,column2-770,770,2023-01-28T16:10:17.855Z
column1-771,column2-771,771,2023-01-28T16:10:17.855Z
column1-772,column2-772,772,2023-01-28T16:10:17.855Z
column1-773,column2-773,773,2023-01-28T16:10:17.855Z
column1-774,column2-774,774,2023-01-28T16:10:17.855Z
column1-775,column2-775,775,2023-01-28T16:10:17.855Z
column1-776,column2-776,776,2023-01-28T16:10:17.855Z
column1-777,column2-777,777,2023-01-28T16:10:17.855Z
column1-778,column2-778,778,2023-01-28T16:10:17.855Z
column1-779,column2-779,779,2023-01-28T16:10:17.855Z
column1-780,column2-780,780,2023-01-28T16:10:17.855Z
column1-781,column2-781,781,2023-01-28T16:10:17.855Z
column1-782,column2-782,782,2023-01-28T16:10:17.855Z
column1-783,column2-783,783,2023-01-28T16:10:17.855Z
column1-784,column2-784,784,2023-01-28T16:10:17.855Z
column1-785,column2-785,785,2023-01-28T16:10:17.855Z
column1-786,column2-786,786,2023-01-28T16:10:17.855Z
column1-787,column2-787,787,2023-01-28T16:10:17.855Z
column1-788,column2-788,788,2023-01-28T16:10:17.855Z
column1-789,column2-789,789,2023-01-28T16:10:17.855Z
column1-790,column2-790,790,2023-01-28T16:10:17.855Z
column1-791,column2-791,791,2023-01-28T16:10:17.855Z
column1-792,column2-792,792,2023-01-28T16:10:17.855Z
column1-793,column2-793,793,2023-01-28T16:10:17.855Z
column1-794,column2-794,794,2023-01-28T16:10:17.855Z
column1-795,column2-795,795,2023-01-28T16:10:17.855Z
column1-796,column2-796,796,2023-01-28T16:10:17.855Z
column1-797,column2-797,797,2023-01-28T16:10:17.855Z
column1-798,column2-798,798,2023-01-28T16:10:17.855Z
column1-799,column2-799,799,2023-01-28T16:10:17.855Z
column1-800,column2-800,800,2023-01-28T16:10:17.855Z
column1-801,column2-801,801,2023-01-28T16:10:17.855Z
column1-802,column2-802,802,2023-01-28T16:10:17.855Z
column1-803,column2-803,803,2023-01-28T16:10:17.855Z
column1-804,column2-804,804,2023-01-28T16:10:17.855Z
column1-805,column2-805,805,2023-01-28T16:10:17.855Z
column1-806,column2-806,806,2023-01-28T16:10:17.855Z
column1-807,column2-807,807,2023-01-28T16:10:17.855Z
column1-808,column2-808,808,2023-01-28T16:10:17.855Z
column1-809,column2-809,809,2023-01-28T16:10:17.855Z
column1-810,column2-810,810,2023-01-28T16:10:17.855Z
column1-811,column2-811,811,2023-01-28T16:10:17.855Z
column1-812,column2-812,812,2023-01-28T16:10:17.855Z
column1-813,column2-813,813,2023-01-28T16:10:17.855Z
column1-814,column2-814,814,2023-01-28T16:10:17.855Z
column1-815,column2-815,815,2023-01-28T16:10:17.855Z
column1-816,column2-816,816,2023-01-28T16:10:17.855Z
column1-817,column2-817,817,2023-01-28T16:10:17.855Z
column1-818,column2-818,818,2023-01-28T16:10:17.855Z
column1-819,column2-819,819,2023-01-28T16:10:17.855Z
column1-820,column2-820,820,2023-01-28T16:10:17.855Z
column1-821,column2-821,821,2023-01-28T16:10:17.855Z
column1-822,column2-822,822,2023-01-28T16:10:17.855Z
column1-823,column2-823,823,2023-01-28T16:10:17.855Z
column1-824,column2-824,824,2023-01-28T16:10:17.855Z
column1-825,column2-825,825,2023-01-28T16:10:17.855Z
column1-826,column2-826,826,2023-01-28T16:10:17.855Z
column1-827,column2-827,827,2023-01-28T16:10:17.855Z
column1-828,column2-828,828,2023-01-28T16:10:17.855Z
column1-829,column2-829,829,2023-01-28T16:10:17.855Z
column1-830,column2-830,830,2023-01-28T16:10:17.855Z
column1-831,column2-831,831,2023-01-28T16:10:17.855Z
column1-832,column2-832,832,2023-01-28T16:10:17.855Z
column1-833,column2-833,833,2023-01-28T16:10:17.855Z
column1-834,column2-834,834,2023-01-28T16:10:17.855Z
column1-835,column2-835,835,2023-01-28T16:10:17.855Z
column1-836,column2-836,836,2023-01-28T16:10:17.855Z
column1-837,column2-837,837,2023-01-28T16:10:17.855Z
column1-838,column2-838,838,2023-01-28T16:10:17.855Z
column1-839,column2-839,839,2023-01-28T16:10:17.855Z
column1-840,column2-840,840,2023-01-28T16:10:17.855Z
column1-841,column2-841,841,2023-01-28T16:10:17.855Z
column1-842,column2-842,842,2023-01-28T16:10:17.855Z
column1-843,column2-843,843,2023-01-28T16:10:17.855Z
column1-844,column2-844,844,2023-01-28T16:10:17.855Z
column1-845,column2-845,845,2023-01-28T16:10:17.855Z
column1-846,column2-846,846,2023-01-28T16:10:17.855Z
column1-847,column2-847,847,2023-01-28T16:10:17.855Z
column1-848,column2-848,848,2023-01-28T16:10:17.855Z
column1-849,column2-849,849,2023-01-28T16:10:17.855Z
column1-850,column2-850,850,2023-01-28T16:10:17.855Z
column1-851,column2-851,851,2023-01-28T16:10:17.855Z
column1-852,column2-852,852,2023-01-28T16:10:17.855Z
column1-853,column2-853,853,2023-01-28T16:10:17.855Z
column1-854,column2-854,854,2023-01-28T16:10:17.855Z
column1-855,column2-855,855,2023-01-28T16:10:17.855Z
column1-856,column2-856,856,2023-01-28T16:10:17.855Z
column1-857,column2-857,857,2023-01-28T16:10:17.855Z
column1-858,column2-858,858,2023-01-28T16:10:17.855Z
column1-859,column2-859,859,2023-01-28T16:10:17.855Z
column1-860,column2-860,860,2023-01-28T16:10:17.855Z
column1-861,column2-861,861,2023-01-28T16:10:17.855Z
column1-862,column2-862,862,2023-01-28T16:10:17.855Z
column1-863,column2-863,863,2023-01-28T16:10:17.855Z
column1-864,column2-864,864,2023-01-28T16:10:17.855Z
column1-865,column2-865,865,2023-01-28T16:10:17.855Z
column1-866,column2-866,866,2023-01-28T16:10:17.855Z
column1-867,column2-867,867,2023-01-28T16:10:17.855Z
column1-868,column2-868,868,2023-01-28T16:10:17.855Z
column1-869,column2-869,869,2023-01-28T16:10:17.855Z
column1-870,column2-870,870,2023-01-28T16:10:17.855Z
column1-871,column2-871,871,2023-01-28T16:10:17.855Z
column1-872,column2-872,872,2023-01-28T16:10:17.855Z
column1-873,column2-873,873,2023-01-28T16:10:17.855Z
column1-874,column2-874,874,2023-01-28T16:10:17.855Z
column1-875,column2-875,875,2023-01-28T16:10:17.855Z
column1-876,column2-876,876,2023-01-28T16:10:17.855Z
column1-877,column2-877,877,2023-01-28T16:10:17.855Z
column1-878,column2-878,878,2023-01-28T16:10:17.855Z
column1-879,column2-879,879,2023-01-28T16:10:17.855Z
column1-880,column2-880,880,2023-01-28T16:10:17.855Z
column1-881,column2-881,881,2023-01-28T16:10:17.855Z
column1-882,column2-882,882,2023-01-28T16:10:17.855Z
column1-883,column2-883,883,2023-01-28T16:10:17.855Z
column1-884,column2-884,884,2023-01-28T16:10:17.855Z
column1-885,column2-885,885,2023-01-28T16:10:17.855Z
column1-886,column2-886,886,2023-01-28T16:10:17.855Z
column1-887,column2-887,887,2023-01-28T16:10:17.855Z
column1-888,column2-888,888,2023-01-28T16:10:17.855Z
column1-889,column2-889,889,2023-01-28T16:10:17.855Z
column1-890,column2-890,890,2023-01-28T16:10:17.855Z
column1-891,column2-891,891,2023-01-28T16:10:17.855Z
column1-892,column2-892,892,2023-01-28T16:10:17.855Z
column1-893,column2-893,893,2023-01-28T16:10:17.855Z
column1-894,column2-894,894,2023-01-28T16:10:17.855Z
column1-895,column2-895,895,2023-01-28T16:10:17.855Z
column1-896,column2-896,896,2023-01-28T16:10:17.855Z
column1-897,column2-897,897,2023-01-28T16:10:17.855Z
column1-898,column2-898,898,2023-01-28T16:10:17.855Z
column1-899,column2-899,899,2023-01-28T16:10:17.855Z
column1-900,column2-900,900,2023-01-28T16:10:17.855Z
column1-901,column2-901,901,2023-01-28T16:10:17.855Z
column1-902,column2-902,902,2023-01-28T16:10:17.855Z
column1-903,column2-903,903,2023-01-28T16:10:17.855Z
column1-904,column2-904,904,2023-01-28T16:10:17.855Z
column1-905,column2-905,905,2023-01-28T16:10:17.855Z
column1-906,column2-906,906,2023-01-28T16:10:17.855Z
column1-907,column2-907,907,2023-01-28T16:10:17.855Z
column1-908,column2-908,908,2023-01-28T16:10:17.855Z
column1-909,column2-909,909,2023-01-28T16:10:17.855Z
column1-910,column2-910,910,2023-01-28T16:10:17.855Z
column1-911,column2-911,911,2023-01-28T16:10:17.855Z
column1-912,column2-912,912,2023-01-28T16:10:17.855Z
column1-913,column2-913,913,2023-01-28T16:10:17.855Z
column1-914,column2-914,914,2023-01-28T16:10:17.855Z
column1-915,column2-915,915,2023-01-28T16:10:17.855Z
column1-916,column2-916,916,2023-01-28T16:10:17.855Z
column1-917,column2-917,917,2023-01-28T16:10:17.855Z
column1-918,column2-918,918,2023-01-28T16:10:17.855Z
column1-919,column2-919,919,2023-01-28T16:10:17.855Z
column1-920,column2-920,920,2023-01-28T16:10:17.855Z
column1-921,column2-921,921,2023-01-28T16:10:17.855Z
column1-922,column2-922,922,2023-01-28T16:10:17.855Z
column1-923,column2-923,923,2023-01-28T16:10:17.855Z
column1-924,column2-924,924,2023-01-28T16:10:17.855Z
column1-925,column2-925,925,2023-01-28T16:10:17.855Z
column1-926,column2-926,926,2023-01-28T16:10:17.855Z
column1-927,column2-927,927,2023-01-28T16:10:17.855Z
column1-928,column2-928,928,2023-01-28T16:10:17.855Z
column1-929,column2-929,929,2023-01-28T16:10:17.855Z
column1-930,column2-930,930,2023-01-28T16:10:17.855Z
column1-931,column2-931,931,2023-01-28T16:10:17.855Z
column1-932,column2-932,932,2023-01-28T16:10:17.855Z
column1-933,column2-933,933,2023-01-28T16:10:17.855Z
column1-934,column2-934,934,2023-01-28T16:10:17.855Z
column1-935,column2-935,935,2023-01-28T16:10:17.855Z
column1-936,column2-936,936,2023-01-28T16:10:17.855Z
column1-937,column2-937,937,2023-01-28T16:10:17.855Z
column1-938,column2-938,938,2023-01-28T16:10:17.855Z
column1-939,column2-939,939,2023-01-28T16:10:17.855Z
column1-940,column2-940,940,2023-01-28T16:10:17.855Z
column1-941,column2-941,941,2023-01-28T16:10:17.855Z
column1-942,column2-942,942,2023-01-28T16:10:17.855Z
column1-943,column2-943,943,2023-01-28T16:10:17.855Z
column1-944,column2-944,944,2023-01-28T16:10:17.855Z
column1-945,column2-945,945,2023-01-28T16:10:17.855Z
column1-946,column2-946,946,2023-01-28T16:10:17.855Z
column1-947,column2-947,947,2023-01-28T16:10:17.855Z
column1-948,column2-948,948,2023-01-28T16:10:17.855Z
column1-949,column2-949,949,2023-01-28T16:10:17.855Z
column1-950,column2-950,950,2023-01-28T16:10:17.855Z
column1-951,column2-951,951,2023-01-28T16:10:17.855Z
column1-952,column2-952,952,2023-01-28T16:10:17.855Z
column1-953,column2-953,953,2023-01-28T16:10:17.855Z
column1-954,column2-954,954,2023-01-28T16:10:17.855Z
column1-955,column2-955,955,2023-01-28T16:10:17.855Z
column1-956,column2-956,956,2023-01-28T16:10:17.855Z
column1-957,column2-957,957,2023-01-28T16:10:17.855Z
column1-958,column2-958,958,2023-01-28T16:10:17.855Z
column1-959,column2-959,959,2023-01-28T16:10:17.855Z
column1-960,column2-960,960,2023-01-28T16:10:17.855Z
column1-961,column2-961,961,2023-01-28T16:10:17.855Z
column1-962,column2-962,962,2023-01-28T16:10:17.855Z
column1-963,column2-963,963,2023-01-28T16:10:17.855Z
column1-964,column2-964,964,2023-01-28T16:10:17.855Z
column1-965,column2-965,965,2023-01-28T16:10:17.855Z
column1-966,column2-966,966,2023-01-28T16:10:17.855Z
column1-967,column2-967,967,2023-01-28T16:10:17.855Z
column1-968,column2-968,968,2023-01-28T16:10:17.855Z
column1-969,column2-969,969,2023-01-28T16:10:17.855Z
column1-970,column2-970,970,2023-01-28T16:10:17.855Z
column1-971,column2-971,971,2023-01-28T16:10:17.855Z
column1-972,column2-972,972,2023-01-28T16:10:17.855Z
column1-973,column2-973,973,2023-01-28T16:10:17.855Z
column1-974,column2-974,974,2023-01-28T16:10:17.855Z
column1-975,column2-975,975,2023-01-28T16:10:17.855Z
column1-976,column2-976,976,2023-01-28T16:10:17.855Z
column1-977,column2-977,977,2023-01-28T16:10:17.855Z
column1-978,column2-978,978,2023-01-28T16:10:17.855Z
column1-979,column2-979,979,2023-01-28T16:10:17.855Z
column1-980,column2-980,980,2023-01-28T16:10:17.855Z
column1-981,column2-981,981,2023-01-28T16:10:17.855Z
column1-982,column2-982,982,2023-01-28T16:10:17.855Z
column1-983,column2-983,983,2023-01-28T16:10:17.855Z
column1-984,column2-984,984,2023-01-28T16:10:17.855Z
column1-985,column2-985,985,2023-01-28T16:10:17.855Z
column1-986,column2-986,986,2023-01-28T16:10:17.855Z
column1-987,column2-987,987,2023-01-28T16:10:17.855Z
column1-988,column2-988,988,2023-01-28T16:10:17.855Z
column1-989,column2-989,989,2023-01-28T16:10:17.855Z
column1-990,column2-990,990,2023-01-28T16:10:17.855Z
column1-991,column2-991,991,2023-01-28T16:10:17.855Z
column1-992,column2-992,992,2023-01-28T16:10:17.855Z
column1-993,column2-993,993,2023-01-28T16:10:17.855Z
column1-994,column2-994,994,2023-01-28T16:10:17.855Z
column1-995,column2-995,995,2023-01-28T16:10:17.855Z
column1-996,column2-996,996,2023-01-28T16:10:17.855Z
column1-997,column2-997,997,2023-01-28T16:10:17.855Z
column1-998,column2-998,998,2023-01-28T16:10:17.855Z
